{"浅草": [139.797592, 35.710733, "浅草"], "田原町": [139.790897, 35.709897, "田原町"], "稲荷町": [139.782593, 35.711273, "稲荷町"], "上野": [139.777122, 35.711482, "上野"], "上野広小路": [139.772877, 35.70768, "上野広小路"], "末広町": [139.771713, 35.702972, "末広町"], "神田": [139.770899, 35.693587, "神田"], "三越前": [139.773594, 35.687101, "三越前"], "日本橋": [139.773516, 35.682078, "日本橋"], "京橋": [139.770126, 35.676856, "京橋"], "銀座": [139.763965, 35.671989, "銀座"], "新橋": [139.758432, 35.667434, "新橋"], "虎ノ門": [139.749832, 35.670236, "虎ノ門"], "溜池山王": [139.741419, 35.673621, "溜池山王"], "赤坂見附": [139.737047, 35.677021, "赤坂見附"], "青山一丁目": [139.724159, 35.672765, "青山一丁目"], "外苑前": [139.717857, 35.670527, "外苑前"], "表参道": [139.712314, 35.665247, "表参道"], "渋谷": [139.701, 35.659066, "渋谷"]}
