{"大崎": [139.728439, 35.619772, "大崎"], "五反田": [139.723822, 35.625974, "五反田"], "目黒": [139.715775, 35.633923, "目黒"], "恵比寿": [139.71007, 35.646685, "恵比寿"], "渋谷": [139.701238, 35.658871, "渋谷"], "原宿": [139.702592, 35.670646, "原宿"], "代々木": [139.702042, 35.683061, "代々木"], "新宿": [139.700464, 35.689729, "新宿"], "新大久保": [139.700261, 35.700875, "新大久保"], "高田馬場": [139.703715, 35.712677, "高田馬場"], "目白": [139.706228, 35.720476, "目白"], "池袋": [139.711086, 35.730256, "池袋"], "大塚": [139.728584, 35.731412, "大塚"], "巣鴨": [139.739303, 35.733445, "巣鴨"], "駒込": [139.748053, 35.736825, "駒込"], "田端": [139.761229, 35.737781, "田端"], "西日暮里": [139.766857, 35.731954, "西日暮里"], "日暮里": [139.771287, 35.727908, "日暮里"], "鶯谷": [139.778015, 35.721484, "鶯谷"], "上野": [139.777043, 35.71379, "上野"], "御徒町": [139.774727, 35.707282, "御徒町"], "秋葉原": [139.773288, 35.698619, "秋葉原"], "神田": [139.770641, 35.691173, "神田"], "東京": [139.766103, 35.681391, "東京"], "有楽町": [139.763806, 35.675441, "有楽町"], "新橋": [139.758587, 35.666195, "新橋"], "浜松町": [139.757135, 35.655391, "浜松町"], "田町": [139.747575, 35.645736, "田町"], "品川": [139.738999, 35.62876, "品川"]}
