{"JR山手線": {"大崎": [139.728439, 35.619772, "大崎"], "五反田": [139.723822, 35.625974, "五反田"], "目黒": [139.715775, 35.633923, "目黒"], "恵比寿": [139.71007, 35.646685, "恵比寿"], "渋谷": [139.701238, 35.658871, "渋谷"], "原宿": [139.702592, 35.670646, "原宿"], "代々木": [139.702042, 35.683061, "代々木"], "新宿": [139.700464, 35.689729, "新宿"], "新大久保": [139.700261, 35.700875, "新大久保"], "高田馬場": [139.703715, 35.712677, "高田馬場"], "目白": [139.706228, 35.720476, "目白"], "池袋": [139.711086, 35.730256, "池袋"], "大塚": [139.728584, 35.731412, "大塚"], "巣鴨": [139.739303, 35.733445, "巣鴨"], "駒込": [139.748053, 35.736825, "駒込"], "田端": [139.761229, 35.737781, "田端"], "西日暮里": [139.766857, 35.731954, "西日暮里"], "日暮里": [139.771287, 35.727908, "日暮里"], "鶯谷": [139.778015, 35.721484, "鶯谷"], "上野": [139.777043, 35.71379, "上野"], "御徒町": [139.774727, 35.707282, "御徒町"], "秋葉原": [139.773288, 35.698619, "秋葉原"], "神田": [139.770641, 35.691173, "神田"], "東京": [139.766103, 35.681391, "東京"], "有楽町": [139.763806, 35.675441, "有楽町"], "新橋": [139.758587, 35.666195, "新橋"], "浜松町": [139.757135, 35.655391, "浜松町"], "田町": [139.747575, 35.645736, "田町"], "品川": [139.738999, 35.62876, "品川"]}, "JR中央・総武線": {"三鷹": [139.560325, 35.702683, "三鷹"], "吉祥寺": [139.579765, 35.703119, "吉祥寺"], "西荻窪": [139.599361, 35.703842, "西荻窪"], "荻窪": [139.620109, 35.704523, "荻窪"], "阿佐ケ谷": [139.635868, 35.704818, "阿佐ケ谷"], "高円寺": [139.649664, 35.705326, "高円寺"], "中野": [139.665835, 35.705765, "中野"], "東中野": [139.684436, 35.706529, "東中野"], "大久保": [139.69732, 35.700784, "大久保"], "新宿": [139.700464, 35.689729, "新宿"], "代々木": [139.702042, 35.683061, "代々木"], "千駄ケ谷": [139.711644, 35.681231, "千駄ケ谷"], "信濃町": [139.720729, 35.680031, "信濃町"], "四ツ谷": [139.730644, 35.686041, "四ツ谷"], "市ケ谷": [139.735241, 35.691105, "市ケ谷"], "飯田橋": [139.745143, 35.701835, "飯田橋"], "水道橋": [139.754312, 35.702039, "水道橋"], "御茶ノ水": [139.764955, 35.699605, "御茶ノ水"], "秋葉原": [139.773288, 35.698619, "秋葉原"], "浅草橋": [139.784427, 35.697403, "浅草橋"], "両国": [139.793334, 35.69579, "両国"], "錦糸町": [139.814136, 35.696802, "錦糸町"], "亀戸": [139.826262, 35.697345, "亀戸"], "平井": [139.842181, 35.70643, "平井"], "新小岩": [139.857777, 35.716903, "新小岩"], "小岩": [139.881755, 35.733207, "小岩"], "市川": [139.908142, 35.728903, "市川"], "本八幡": [139.92741, 35.720898, "本八幡"], "下総中山": [139.943092, 35.714276, "下総中山"], "西船橋": [139.959536, 35.707283, "西船橋"], "船橋": [139.984707, 35.701865, "船橋"], "東船橋": [140.00393, 35.699811, "東船橋"], "津田沼": [140.020179, 35.691367, "津田沼"], "幕張本郷": [140.042241, 35.672664, "幕張本郷"], "幕張": [140.057899, 35.6594, "幕張"], "新検見川": [140.073025, 35.65169, "新検見川"], "稲毛": [140.09256, 35.637264, "稲毛"], "西千葉": [140.103337, 35.622639, "西千葉"], "千葉": [140.112837, 35.613425, "千葉"]}, "東京メトロ銀座線": {"浅草": [139.797592, 35.710733, "浅草"], "田原町": [139.790897, 35.709897, "田原町"], "稲荷町": [139.782593, 35.711273, "稲荷町"], "上野": [139.777122, 35.711482, "上野"], "上野広小路": [139.772877, 35.70768, "上野広小路"], "末広町": [139.771713, 35.702972, "末広町"], "神田": [139.770899, 35.693587, "神田"], "三越前": [139.773594, 35.687101, "三越前"], "日本橋": [139.773516, 35.682078, "日本橋"], "京橋": [139.770126, 35.676856, "京橋"], "銀座": [139.763965, 35.671989, "銀座"], "新橋": [139.758432, 35.667434, "新橋"], "虎ノ門": [139.749832, 35.670236, "虎ノ門"], "溜池山王": [139.741419, 35.673621, "溜池山王"], "赤坂見附": [139.737047, 35.677021, "赤坂見附"], "青山一丁目": [139.724159, 35.672765, "青山一丁目"], "外苑前": [139.717857, 35.670527, "外苑前"], "表参道": [139.712314, 35.665247, "表参道"], "渋谷": [139.701, 35.659066, "渋谷"]}, "東京メトロ丸ノ内線": {"池袋": [139.711086, 35.730256, "池袋"], "新大塚": [139.729971, 35.72569, "新大塚"], "茗荷谷": [139.737184, 35.716989, "茗荷谷"], "後楽園": [139.751864, 35.707898, "後楽園"], "本郷三丁目": [139.759914, 35.706671, "本郷三丁目"], "御茶ノ水": [139.763952, 35.700614, "御茶ノ水"], "淡路町": [139.767575, 35.695434, "淡路町"], "大手町": [139.7662, 35.686564, "大手町"], "東京": [139.764708, 35.681753, "東京"], "銀座": [139.763965, 35.671989, "銀座"], "霞ケ関": [139.750899, 35.673838, "霞ケ関"], "国会議事堂前": [139.745219, 35.67393, "国会議事堂前"], "赤坂見附": [139.737047, 35.677021, "赤坂見附"], "四ツ谷": [139.729947, 35.684586, "四ツ谷"], "四谷三丁目": [139.720103, 35.687958, "四谷三丁目"], "新宿御苑前": [139.71069, 35.688588, "新宿御苑前"], "新宿三丁目": [139.704895, 35.690847, "新宿三丁目"], "新宿": [139.700711, 35.69235, "新宿"], "西新宿": [139.692778, 35.694298, "西新宿"], "中野坂上": [139.68291, 35.69792, "中野坂上"], "新中野": [139.66903, 35.697491, "新中野"], "東高円寺": [139.657822, 35.697802, "東高円寺"], "新高円寺": [139.648068, 35.697985, "新高円寺"], "南阿佐ケ谷": [139.63576, 35.699624, "南阿佐ケ谷"], "荻窪": [139.620116, 35.704304, "荻窪"], "中野新橋": [139.673997, 35.692123, "中野新橋"], "中野富士見町": [139.666933, 35.690514, "中野富士見町"], "方南町": [139.656498, 35.683496, "方南町"]}, "東京メトロ日比谷線": {"北千住": [139.804276, 35.748916, "北千住"], "南千住": [139.799273, 35.733398, "南千住"], "三ノ輪": [139.791485, 35.729623, "三ノ輪"], "入谷": [139.783924, 35.719862, "入谷"], "上野": [139.777122, 35.711482, "上野"], "仲御徒町": [139.776138, 35.706649, "仲御徒町"], "秋葉原": [139.775459, 35.698162, "秋葉原"], "小伝馬町": [139.778433, 35.690737, "小伝馬町"], "人形町": [139.782285, 35.686307, "人形町"], "茅場町": [139.780005, 35.679752, "茅場町"], "八丁堀": [139.776982, 35.674851, "八丁堀"], "築地": [139.772603, 35.668115, "築地"], "東銀座": [139.767253, 35.669464, "東銀座"], "銀座": [139.763965, 35.671989, "銀座"], "日比谷": [139.76017, 35.67459, "日比谷"], "霞ケ関": [139.750899, 35.673838, "霞ケ関"], "神谷町": [139.745069, 35.662978, "神谷町"], "六本木": [139.731443, 35.662836, "六本木"], "広尾": [139.722202, 35.652279, "広尾"], "恵比寿": [139.708988, 35.647332, "恵比寿"], "中目黒": [139.698621, 35.643854, "中目黒"]}, "東京メトロ東西線": {"中野": [139.665835, 35.705765, "中野"], "落合": [139.687284, 35.710976, "落合"], "高田馬場": [139.704745, 35.713338, "高田馬場"], "早稲田": [139.721319, 35.705723, "早稲田"], "神楽坂": [139.734546, 35.70379, "神楽坂"], "飯田橋": [139.745986, 35.701725, "飯田橋"], "九段下": [139.751948, 35.695589, "九段下"], "竹橋": [139.756817, 35.690662, "竹橋"], "大手町": [139.766086, 35.684801, "大手町"], "日本橋": [139.773516, 35.682078, "日本橋"], "茅場町": [139.780005, 35.679752, "茅場町"], "門前仲町": [139.796209, 35.671851, "門前仲町"], "木場": [139.807042, 35.669351, "木場"], "東陽町": [139.817596, 35.669629, "東陽町"], "南砂町": [139.83065, 35.668796, "南砂町"], "西葛西": [139.859259, 35.664631, "西葛西"], "葛西": [139.872458, 35.663554, "葛西"], "浦安": [139.893193, 35.665932, "浦安"], "南行徳": [139.902311, 35.672687, "南行徳"], "行徳": [139.914254, 35.682686, "行徳"], "妙典": [139.924209, 35.690935, "妙典"], "原木中山": [139.942029, 35.703517, "原木中山"], "西船橋": [139.958972, 35.707127, "西船橋"]}, "東京メトロ千代田線": {"北綾瀬": [139.832035, 35.777117, "北綾瀬"], "綾瀬": [139.825019, 35.762222, "綾瀬"], "北千住": [139.804276, 35.748916, "北千住"], "町屋": [139.780501, 35.742733, "町屋"], "西日暮里": [139.766511, 35.732257, "西日暮里"], "千駄木": [139.763243, 35.725549, "千駄木"], "根津": [139.765655, 35.7174, "根津"], "湯島": [139.769916, 35.708243, "湯島"], "新御茶ノ水": [139.766014, 35.698072, "新御茶ノ水"], "大手町": [139.763399, 35.686154, "大手町"], "二重橋前": [139.761948, 35.681071, "二重橋前"], "日比谷": [139.758732, 35.674241, "日比谷"], "霞ケ関": [139.750899, 35.673838, "霞ケ関"], "国会議事堂前": [139.745219, 35.67393, "国会議事堂前"], "赤坂": [139.738348, 35.67323, "赤坂"], "乃木坂": [139.726215, 35.666572, "乃木坂"], "表参道": [139.712314, 35.665247, "表参道"], "明治神宮前〈原宿〉": [139.703995, 35.669071, "明治神宮前〈原宿〉"], "代々木公園": [139.689099, 35.669187, "代々木公園"], "代々木上原": [139.680153, 35.669159, "代々木上原"]}, "東京メトロ有楽町線": {"和光市": [139.612434, 35.788507, "和光市"], "地下鉄成増": [139.631497, 35.776557, "地下鉄成増"], "地下鉄赤塚": [139.644021, 35.769939, "地下鉄赤塚"], "平和台": [139.653762, 35.757863, "平和台"], "氷川台": [139.665567, 35.74955, "氷川台"], "小竹向原": [139.678572, 35.743803, "小竹向原"], "千川": [139.689271, 35.738229, "千川"], "要町": [139.698715, 35.73323, "要町"], "池袋": [139.710088, 35.729565, "池袋"], "東池袋": [139.719546, 35.725732, "東池袋"], "護国寺": [139.72754, 35.719044, "護国寺"], "江戸川橋": [139.733538, 35.709495, "江戸川橋"], "飯田橋": [139.743669, 35.701934, "飯田橋"], "市ケ谷": [139.73647, 35.691958, "市ケ谷"], "麹町": [139.737613, 35.684006, "麹町"], "永田町": [139.740258, 35.678757, "永田町"], "桜田門": [139.75149, 35.677405, "桜田門"], "有楽町": [139.763265, 35.675714, "有楽町"], "銀座一丁目": [139.767045, 35.67435, "銀座一丁目"], "新富町": [139.773711, 35.670462, "新富町"], "月島": [139.784233, 35.664871, "月島"], "豊洲": [139.79621, 35.654908, "豊洲"], "辰巳": [139.81052, 35.645576, "辰巳"], "新木場": [139.826254, 35.645832, "新木場"]}}
